DS RADIO MIRAMAR	
DS MON S JERONI MURTRA	
DS CAN PUJOL	
DS SANT JAUME	
DS EMISSORA R E EAJ 15	
AV AFRICA	Avenida Africa
AV EXTREMADURA	Avenida Extremadura
AV FERRATER	Avenida Ferrater
AV MARTI PUJOL	Avinguda Marti i Pujol
AV ITALIA	Avinguda d'Itàlia
CL FRANCESC MACIA	Avinguda de Francesc Macia
AV JOAN XXIII	Avinguda de Joan XXIII
AV LLOREDA	Avinguda de Lloreda
AV MORERA	Avinguda de Morera
AV MONACO	Avinguda de Mónaco
AV NAVARRA	Avinguda de Navarra
AV PRAT DE LA RIBA	Avinguda de Prat de la Riba
AV PUIGFRED	Avinguda de PuigFred
AV ROS I GUELL	Avinguda de Ros i guell
AV TERRASSA	Avinguda de Terrassa
AV HOSPITALET	Avinguda de l'Hospitalet
AV MORRALLA	Avinguda de la Morralla
AV GUIX	Avinguda del Guix
AV MAS-RAM	Avinguda del Mas-Ram
AV PRESIDENT COMPANYS	Avinguda del President Companys
AV PRIMER DE MAIG	Avinguda del Primer de Maig
AV VENTS	Avinguda dels Vents
CL ALACANT	Calle Alacant
CL ANGEL GUIMERA	Calle Angel Guimera
CL ARQUITECTE FRADERA	Calle Arquitecte Fradera
CL ARTEMIS	Calle Artemis
CL ASIA	Calle Asia
CL BOGATELL	Calle Bogatell
CL CAMELIA	Calle Camelia
CL CAMPOAMOR	Calle Campoamor
CL CAMPRODON	Calle Camprodon
CL CANELONES	Calle Canelones
CL CANIGO	Calle Canigo
CL CANTABRIA	Calle Cantabria
CL CARITAT	Calle Caritat
CL CARME	Calle Carme
CL CARMEN AMAYA	Calle Carmen Amaya
CL CATALONIA	Calle Catalonia
CL CID CAMPEADOR	Calle Cid Campeador
CL CORTS	Calle Corts
CL CREU	Calle Creu
CL DIANA	Calle Diana
CL EDIFICIS SANT JORDI	Calle Edificis Sant Jordi
CL ERES	Calle Eres
CL ESTROP	Calle Estrop
CL FISICA	Calle Fisica
CL GUERAU DE LIOST	Calle Guerau de Liost
CL HORTS	Calle Horts
CL HUELVA	Calle Huelva
CL IQUIQUE	Calle Iquique
CL JOAN D'AUSTRIA	Calle Joan d'Austria
CL LLADO	Calle Llado
CL LOUIS ARMSTRONG	Calle Louis Armstrong
CL MINA	Calle Mina
CL MORA	Calle Mora
CL NIÇA	Calle Niça
CL NOVA CANÇO	Calle Nova Canço
CL OM	Calle Om
CL PAU	Calle Pau
CL PERU	Calle Peru
CL PINEDA	Calle Pineda
CL PLAÇA	Calle Plaça
CL RAMON RUBIAL	Calle Ramon Rubial
CL SALVADOR SEGUI	Calle Salvador Segui
CL SEGA	Calle Sega
CL SEQUIA	Calle Sequia
CL UNIO	Calle Unio
CL URA	Calle Ura
CL URUGUAI	Calle Uruguai
CL VILANOVA I LA GELTRU	Calle Vilanova I la Geltru
CM VALLENSANA	Camino/Carmen Vallensana
CM XIPRES	Camino/Carmen Xipres
CL FRANCESC TEIXIDO	Carrer Francesc Teixidor
CL JOVELLAR	Carrer Jovellar
CL MADOZ	Carrer Madoz
CL MARIA CRISTINA	Carrer Maria Cristina
CL MISTRAL	Carrer Mistral
CL NAVAS DE TOLOSA	Carrer Navas de Tolosa
CL PAU PICASSO	Carrer Pablo Picasso
CL PAU VILA	Carrer Pau Vila
CL PEDRAFORCA	Carrer Pedraforca
CL PORVENIR	Carrer Porvenir
CL PRINCEP DE BERGARA	Carrer Princep de Bergara
CL PROGRES	Carrer Progrés
CL SANT LLUC	Carrer Sant Lluc
CL SANTA MARIA	Carrer Santa Maria
CL TERMES ROMANES	Carrer Termes Romanes
CL TORNER	Carrer Torner
CL USANDIZAGA	Carrer Usandizaga
CL ENRIC GRANADOS	Carrer d'Enric Granados
CL HOLANDA	Carrer d'Holanda
CL IRIS	Carrer d'Iris
CL ISIDRE NONELL	Carrer d'Isidre Nonell
CL OCCITANIA	Carrer d'Occitània
CL OLESA DE MONTSERRAT	Carrer d'Olesa de Montserrat
CL OTGER	Carrer d'Otger
CL FLUVIA	Carrer d'en Fluvià
CL GUIXERAS	Carrer d'en Guixeres
CL PRIM	Carrer d'en Prim
CL PUJOL	Carrer d'en Pujol
CL RUBEN DARIO	Carrer d'en Rubén Darío
CL FERRER BASSA	Carrer de Ferrer i Bassa
CL FIGUERES	Carrer de Figueres
CL FORTUNY	Carrer de Fortuny
CL FRANCESC LAYRET	Carrer de Francesc Layret
CL FRANCESC PLANAS I CASALS	Carrer de Francesc Planas i Casals
CL GAIETA SOLER	Carrer de Gaietà Soler
CL GALICIA	Carrer de Galícia
CL GARBI	Carrer de Garbí
CL GARCILASO	Carrer de Garcilaso
CL GAVA	Carrer de Gavà
CL GIRONA	Carrer de Girona
CL GRANADA	Carrer de Granada
CL GRANOLLERS	Carrer de Granollers
CL GREGAL	Carrer de Gregal
CL GRACIA	Carrer de Gràcia
CL GUIFRE	Carrer de Guifré
CL GUIPUSCOA	Carrer de Guipúscoa
CL GENOVA	Carrer de Gènova
CL JACINT VERDAGUER	Carrer de Jacint Verdaguer
CL JACINTO BENAVENTE	Carrer de Jacinto Benavente
CL JAUME BORRAS	Carrer de Jaume Borràs
CL JAUME I EL CONQUERIDOR	Carrer de Jaume I el Conqueridor
CL JAUME PASSARELL	Carrer de Jaume Passarell
CL JAUME RIBO	Carrer de Jaume Ribó
CL JAUME SOLA	Carrer de Jaume Solà
CL JESUS	Carrer de Jesús
CL JOAN AMIGO I BARRIGA	Carrer de Joan Amigó i Barriga
CL JOAN JUNCEDA	Carrer de Joan Junceda
CL JOAN PEIRO	Carrer de Joan Peiró
CL JOAQUIM RUYRA	Carrer de Joaquim Ruyra
CL JOAQUIM VAYREDA	Carrer de Joaquim Vayreda
CL JOSEP MARIA SERT	Carrer de Josep Marià Sert
CL JUAN DE LA CIERVA	Carrer de Juan de la Cierva
CL JULI GALVE BRUSSON	Carrer de Juli Galve Brusson
CL JULI GARRETA	Carrer de Juli Garreta
CL LAIETANIA	Carrer de Laietània
CL LATRILLA	Carrer de Latrilla
CL LINARES	Carrer de Linares
CL LITUANIA	Carrer de Lituània
CL LLEIDA	Carrer de Lleida
CL LLEO	Carrer de Lleó
CL LUXEMBURG	Carrer de Luxemburg
CL MALGRAT DE MAR	Carrer de Malgrat de Mar
CL MANUEL MORENO MAURICI	Carrer de Manuel Moreno Mauricio
CL MAR	Carrer de Mar
CL MARCUS PORCIUS	Carrer de Marcus Porcius
CL MARE DE DEU DE FATIMA	Carrer de Mare de Déu de Fàtima
CL MARGARIDA XIRGU	Carrer de Margarida Xirgu
CL MARIA AUXILIADORA	Carrer de Maria Auxiliadora
CL MARIA BENLLIURE	Carrer de Marià Benlliure
CL MARTORELL	Carrer de Martorell
CL MARTI I JULIA	Carrer de Martí i Julià
CL MENENDEZ Y PELAYO	Carrer de Menendez Pelayo
CL MESTRE LLUIS MILLET	Carrer de Mestre Lluis Millet
CL MIGJORN	Carrer de Migjorn
CL MIGUEL HERNANDEZ	Carrer de Miguel Hernández
CL MILA	Carrer de Milà
CL MINERVA	Carrer de Minerva
CL MIQUEL SERVET	Carrer de Miquel Servet
CL MONISTROL DE MONTSERRAT	Carrer de Monistrol de Montserrat
CL MONTALEGRE	Carrer de Montalegre
CL MONTJUIC	Carrer de Montjuïc
CL MOZART	Carrer de Mozart
CL MUNTANER	Carrer de Muntaner
CL MURILLO	Carrer de Murillo
CL MALAGA	Carrer de Màlaga
CL MENDEZ NUÑEZ	Carrer de Méndez Núñez
CL MURCIA	Carrer de Múrcia
CL NAVATA	Carrer de Navata
CL NOU CASES	Carrer de Nou Cases
CL NURIA	Carrer de Núria
CL PARETS DEL VALLES	Carrer de Parets del Vallès
CL PEDRO ANTONIO DE ALARCON	Carrer de Pedro Antonio de Alarcón
CL PERE III	Carrer de Pere III
CL MESTRE J PICH SANTASUSANA	Carrer de Pich i SantaSusanna
CL PIRINEUS	Carrer de Pirineus
CL POMPEU FABRA	Carrer de Pompeu Fabra
CL PONENT	Carrer de Ponent
CL PREMIA DE MAR	Carrer de Premià de Mar
CL RAMON CASAS	Carrer de Ramon Casas
CL RAMON LLULL	Carrer de Ramon Llull
CL RAMON MARTI I ALSINA	Carrer de Ramon Martí Alsina
CL RIPOLL	Carrer de Ripoll
CL RIVERO	Carrer de Rivero
CL ROGER DE FLOR	Carrer de Roger de Flor
CL RONCESVALLES	Carrer de Roncesvalls
CL ROSSINI	Carrer de Rossini
CL RUBIO I ORS	Carrer de Rubió i Ors
CL RUPERTO CHAPI	Carrer de Ruperto Chapí
CL SALLENT	Carrer de Sallent
CL SALOU	Carrer de Salou
CL SANT AGUSTI	Carrer de Sant Agustí
CL SANT ANASTASI	Carrer de Sant Anastasi
CL SANT ANTONI DE PADUA	Carrer de Sant Antoni de Pàdua
CL SANT BRU	Carrer de Sant Bru
CL SANT DOMENEC	Carrer de Sant Domènec
CL SANT FELIP I ROSES	Carrer de Sant Felip i d'en Rosés
CL SANT FELIU DE LLOBREGAT	Carrer de Sant Feliu de Llobregat
CL SANT FRANCESC D'ASSIS	Carrer de Sant Francesc d'Assis
CL FRA BASILI DE SANT JOSEP	Carrer de Sant Francesc d'Assís
CL SANT FRANCESC DE PAULA	Carrer de Sant Francesc de Paula
CL SANT GREGORI	Carrer de Sant Gregori
CL SANT HILARI SACALM	Carrer de Sant Hilari de Sacalm
CL SANT ISIDRE	Carrer de Sant Isidre
CL SANT JAUME	Carrer de Sant Jaume
CL SANT JOAN EVANGELISTA	Carrer de Sant Joan Evangelista
CL SANT JOAN DE LA CREU	Carrer de Sant Joan de la Creu
CL SANT JORDI	Carrer de Sant Jordi
CL SANT JOSEP	Carrer de Sant Josep
CL SANT JOSEP ORIOL	Carrer de Sant Josep Oriol
CL SANT JOSEP I ROSES	Carrer de Sant Josep i d'en Rosés
CL SANT LLORENÇ	Carrer de Sant Llorenç
CL SANT LLUIS	Carrer de Sant Lluís
CL SANT MARC	Carrer de Sant Marc
CL SANT MIQUEL	Carrer de Sant Miquel
CL SANT PAU	Carrer de Sant Pau
CL SANT PERE	Carrer de Sant Pere
CL SANT RAFAEL	Carrer de Sant Rafael
CL SANT SEBASTIA	Carrer de Sant Sebastià
CL SANT VICENÇ	Carrer de Sant Vicenç
CL SANTA ANNA	Carrer de Santa Anna
CL SANTA MADRONA	Carrer de Santa Madrona
CL SANTA TERESA	Carrer de Santa Teresa
CL SANTIAGO RUSIÑOL	Carrer de Santiago Rusiñol
CL SARDENYA	Carrer de Sardenya
CL SICILIA	Carrer de Sicília
CL SITGES	Carrer de Sitges
CL SURIA	Carrer de Suria
CL SUISSA	Carrer de Suïssa
CL TANGER	Carrer de Tanger
CL TEIA	Carrer de Teià
CL TORRAS I BAGES	Carrer de Torras i Bages
CL TORREBADAL	Carrer de Torrebadal
CL VALLROMANES	Carrer de Vallromanes
CL VALLVIDRERA	Carrer de Vallvidrera
CL VALENCIA	Carrer de València
CL VELAZQUEZ	Carrer de Velázquez
CL VERDI	Carrer de Verdi
CL VIC	Carrer de Vic
CL VILAMAJOR	Carrer de Vilamajor
CL VILASSAR DE MAR	Carrer de Vilassar de Mar
CL VIRIATO	Carrer de Viriat
CL WAGNER	Carrer de Wagner
CL XALOC	Carrer de Xaloc
CL ESTRELLA	Carrer de l'Estrella
CL OLIVERA	Carrer de l'Olivera
CL ONZE DE SETEMBRE	Carrer de l'Onze de Setembre
CL ESCULTOR JULI GONZALEZ	Carrer de l'escultor Juli González
CL ESCULTOR LLIMONA	Carrer de l'escultor Llimona
CL ESCULTOR MANOLO HUGUE	Carrer de l'escultor Manuel Hugué
CL ESCULTOR SALCILLO	Carrer de l'escultor Salcillo
CL FILOSOFIA	Carrer de la Filosofia
CL INDEPENDENCIA	Carrer de la Independència
CJ INDUSTRIA	Carrer de la Indústria
CL INDUSTRIA	Carrer de la Indústria
CL LLIBERTAT	Carrer de la Llibertat
CL LLUNA	Carrer de la Lluna
CL MAR EGEA	Carrer de la Mar Egea
CL MAR JONICA	Carrer de la Mar Jònica
CL MAR TIRRENA	Carrer de la Mar Tirrena
CL MARINA	Carrer de la Marina
CL MERCE	Carrer de la Merce
CL PIETAT	Carrer de la Pietat
CL PLATJA	Carrer de la Platja
CL QUINTANA ALTA	Carrer de la Quintana Alta
CL REINA ELISENDA	Carrer de la Reina Elisenda
CL SARDANA	Carrer de la Sardana
CL SEMBRA	Carrer de la Sembra
CL SEU D'URGELL	Carrer de la Seu d'Urgell
CL SOLEDAT	Carrer de la Soledat
CL TECNICA	Carrer de la Tècnica
CL MORERES	Carrer de les Moreres
CL PALMERES	Carrer de les Palmeres
CL PLANES D'EN SUNYOL	Carrer de les Planes d'en Sunyol
CL TEIXIDORES	Carrer de les Teixidores
CL GERMA BERNABE	Carrer del Germà Bernabé
CL GERMA JULI	Carrer del Germà Juli
CL GINEBRE	Carrer del Ginebre
CL MAGATZEM	Carrer del Magatzem
CL MANRESA	Carrer del Manresà
CL MAS PUJOL	Carrer del Mas Pujol
CL MATAGALLS	Carrer del Matagalls
CL MESTRE A NICOLAU	Carrer del Mestre Antoni Nicolau
CL MESTRE BRETON	Carrer del Mestre Breton
CL MONTSENY	Carrer del Montseny
CL PARE CLARET	Carrer del Pare Claret
CL PINTOR BRUNET	Carrer del Pintor Brunet
CL PLÀSTIC	Carrer del Plàstic
CL PRINCEP D'ASTURIES	Carrer del Príncep d'Astúries
CL PUIGMAL	Carrer del Puigmal
CL PUIGSACALM	Carrer del Puigsacalm
CL RECTOR	Carrer del Rector
CL ROURE	Carrer del Roure
CL SALZE	Carrer del Salze
CL TEI	Carrer del Tei
CL TEIDE	Carrer del Teide
CL TEMPLE	Carrer del Temple
CL TIBIDABO	Carrer del Tibidabo
CL TORRENT D'EN GRAU	Carrer del Torrent d'en Grau
CL TORRENT DE LA FONT	Carrer del Torrent de la Font
CL TRESMALL	Carrer del Tresmall
CL TRIOMF	Carrer del Triomf
CL XAROL	Carrer del Xarol
CL PINTOR SOROLLA	Carrer del pintor Sorolla
CL ALPS	Carrer dels Alps
CL LLIMONERS	Carrer dels Llimoners
CL TREBALLADORS	Carrer dels Treballadors
CJ SANTA MARIA	Carrero de Santa Maria
CR TIANA	Carretera de Tiana
PZ ENRIC MORERA	Enric Morera, plaça d'
LG POMAR DE DALT	Lugar Pomar de Dalt
MS CA L'AMIGO	Masías Ca l'Amigo
MS CA L'ARQUER	Masías Ca l'Arquer
MS CA L'ARTILLER	Masías Ca l'Artiller
MS CAL DIMONI	Masías Cal Dimoni
MS CAL GEPERUT	Masías Cal Geperut
MS CAN BARBETA	Masías Can Barbeta
MS CAN BUTINYA	Masías Can Butinya
MS CAN CABRA	Masías Can Cabra
MS CAN CAMAS	Masías Can Camas
MS CAN CASES	Masías Can Cases
MS CAN CERVERA	Masías Can Cervera
MS CAN COLL	Masías Can Coll
MS CAN COLOMER	Masías Can Colomer
MS CAN COMES	Masías Can Comes
MS CAN DEVESA	Masías Can Devesa
MS CAN FERRATER	Masías Can Ferrater
MS CAN GRAPA	Masías Can Grapa
MS CAN MAS	Masías Can Mas
MS CAN MIRAVITGES	Masías Can Miravitges
MS CAN MORA	Masías Can Mora
MS CAN NADAL	Masías Can Nadal
MS CAN TRONS	Masías Can Trons
MS CAN VESTIT	Masías Can Vestit
MS CAN L'ASUNCION	Masías Can l'Asuncion
MS CASTELL DE GOTMAR	Masías Castell de Gotmar
MS CASTELLET	Masías Castellet
MS MAS BOSCA	Masías Mas Bosca
MS MAS JORNET	Masías Mas Jornet
MS MAS OLIVER	Masías Mas Oliver
PQ GRAN SOL	Parroquia/Parque Gran Sol
PQ MUNTANYETES	Parroquia/Parque Muntanyetes
PJ BARBERA	Pasaje/Pasadizo Barbera
PJ CAMI ESTRET	Pasaje/Pasadizo Cami Estret
PJ DOPLA	Pasaje/Pasadizo Dopla
PJ MAIGNON	Pasaje/Pasadizo Maignon
PJ MAR D'ALBORÀN	Pasaje/Pasadizo Mar d'Alboràn
PJ MERANGES	Pasaje/Pasadizo Meranges
PJ MOIXO	Pasaje/Pasadizo Moixo
PJ RODO	Pasaje/Pasadizo Rodo
PJ SALLAGOSA	Pasaje/Pasadizo Sallagosa
PJ SOLER I BIOSCA	Pasaje/Pasadizo Soler I Biosca
PS MARE NOSTRUM	Paseo Mare Nostrum
PJ MOIXERO	Passatge Moixeró
PJ VIÑAS	Passatge Viñas
CL JOHN LENNON	Passatge de John Lennon
PJ JOSEP MARIA DE PEREDA	Passatge de José María de Pereda
CL MARIA CALLAS	Passatge de Maria Callas
PJ ROS I GUELL	Passatge de Ros i Güell
PJ SANT ELIES	Passatge de Sant Elies
PJ SANTA ISABEL	Passatge de Santa Isabel
PJ SEVERO CATALINA	Passatge de Severo Catalina
PJ SOBRARBE	Passatge de Sobrarb
PJ VENTOS MIR	Passatge de Ventós Mir
PJ MARE DE DEU DE LA CINTA	Passatge de la Mare de Déu de la Cinta
PJ MARE DE DEU D L FUENSANTA	Passatge de la Mare de Déu de la Fuensanta
PJ MARE DE DEU DEL PILAR	Passatge de la Mare de Déu del Pilar
PJ MORRALLA	Passatge de la Morralla
PJ PLANA	Passatge de la Plana
PJ RIU CONGOST	Passatge del Riu Congost
PJ RIU EBRE	Passatge del Riu Ebre
PJ RIU FRANCOLI	Passatge del Riu Francolí
PJ RIU LLOBREGAT	Passatge del Riu Llobregat
PJ RIU MOGENT	Passatge del Riu Mogent
PJ RIU NOGUERA	Passatge del Riu Noguera
PJ RIU ONYAR	Passatge del Riu Onyar
PJ RIU SEGRE	Passatge del Riu Segre
PJ RIU TER	Passatge del riu Ter
PS OLOF PALME	Passeig d'Olof Palme
PS MIRANDA	Passeig de la Miranda
PS RAMBLA	Passeig de la Rambla
PS GARROFERS	Passeig dels Garrofers
PS PINS	Passeig dels Pins
PS TARONGERS	Passeig dels Tarongers
PZ ANDES	Plaza Andes
PZ CIUTAT S CARLOS NICARAGUA	Plaza Ciutat S Carlos Nicaragua
PZ ERNEST LLUCH	Plaza Ernest Lluch
PZ FONT I CUSSO	Plaza Font I Cusso
PZ LLOREDA	Plaza Lloreda
PZ MANUEL VALLS I GORINA	Plaza Manuel Valls I Gorina
PZ MOSSEN JOAN BARANERA	Plaza Mossen Joan Baranera
PZ MOSSÈN MIQUEL ESPINOSA	Plaza Mossèn Miquel Espinosa
PZ MUSICS DELS	Plaza Musics Dels
PZ PAU CASALS	Plaza Pau Casals
PZ POMPEU FABRA	Plaza Pompeu Fabra
PZ RAFAEL DE CAMPALANS	Plaza Rafael de Campalans
PZ ROJA	Plaza Roja
PZ TREBALLADORS DE LA HAISSA	Plaza Treballadors de la Haissa
PZ VAIXELL MARIA ASSUMPTA	Plaza Vaixell Maria Assumpta
PZ VAPOR	Plaza Vapor
PZ ALCANAR	Plaça d'Alcanar
PZ OVIDI MONTLLOR	Plaça d'Ovidi Montllor
PZ MAIGNON	Plaça de Maignon
PZ MARIA AURELIA CAPMANY	Plaça de Maria Aurèlia Capmany
PZ ROCA I PI	Plaça de Roca i Pi
PZ VALENTI ALMIRALL	Plaça de Valentí Almirall
PZ EUCALIPTUS	Plaça de l'Eucaliptus
PZ OLI	Plaça de l'Oli
PZ FONT	Plaça de la Font
PZ MARINADA	Plaça de la Marinada
PZ PLANA	Plaça de la Plana
PZ ROSA DELS VENTS	Plaça de la Rosa dels Vents
PZ VILA	Plaça de la Vila
PZ DOCTOR FLEMING	Plaça del Doctor Fleming
PZ GAS	Plaça del Gas
PZ PATÍ DE VELA	Plaça del Pati de Vela
PL JOAN FUSTER	Polígono Joan Fuster
CL POMAR DE BAIX	Pomar de Baix
RB FRANÇA	Rambla de França
RR CANYADO	Riera Canyado
RR MONTALEGRE	Riera Montalegre
RR MATAMOROS	Riera de Matamoros
TO FERRATER	Torrente Ferrater
TR SANT JERONI	Travessia de Sant Jeroni
UR VALLENSANA A	Urbanización Vallensana A
UR VALLENSANA B	Urbanización Vallensana B
UR VALLENSANA C	Urbanización Vallensana C
UR VALLENSANA D	Urbanización Vallensana D
CL VIA AUGUSTA	Via Augusta
AV ALFONS XIII	avinguda d'Alfons XIII
AV ALMERIA	avinguda d'Almeria
AV AMERICA	avinguda d'Amèrica
AV CARITG	avinguda d'en Caritg
AV BAC DE RODA	avinguda de Bac de Roda
AV BISCAIA	avinguda de Biscaia
AV BUFALA	avinguda de Bufalà
AV CARLEMANY	avinguda de Carlemany
AV CATALUNYA	avinguda de Catalunya
AV PIUS XII	avinguda de Pius XII
AV POMAR	avinguda de Pomar
AV ROMA	avinguda de Roma
AV SABADELL	avinguda de Sabadell
AV SALVADOR ESPRIU	avinguda de Salvador Espriu
AV SANT IGNASI DE LOIOLA	avinguda de Sant Ignasi de Loiola
AV SANT SALVADOR	avinguda de Sant Salvador
AV CERDANYA	avinguda de la Cerdanya
AV COMUNITAT EUROPEA	avinguda de la Comunitat Europea
AV CARDENAL VIDAL BARRAQUER	avinguda del Cardenal Vidal i Barraquer
AV CONFLENT	avinguda del Conflent
AV CONGRES EUCARISTIC	avinguda del Congrés Eucarístic
AV DOCTOR BASSOLS	avinguda del Doctor Bassols
AV LLENGUADOC	avinguda del Llenguadoc
AV MARESME	avinguda del Maresme
AV MARQUES DE MONTROIG	avinguda del Marquès de Mont-roig
AV MARQUES SANT MORI	avinguda del Marquès de Sant Mori
AV SANATORI	avinguda del Sanatori
AV AMETLLERS	avinguda dels Ametllers
AV CASTANYERS	avinguda dels Castanyers
CM VELL DE MONTCADA	camí Vell de Montcada
CM CAN FERRATER	camí de Can Ferrater
CM CAN RUTI	camí de Can Ruti
CM MASSANUCH	camí de Messenuc
CM FONT DE L'AMIGO	camí de la Font de l'Amigó
CM PELLERIA	camí de la Pelleria
CM BOSC	camí del Bosc
CL AMPLE	carrer Ample
CL CORTIJO	carrer Cortijo
CL AFRODITA	carrer d'Afrodita
CL AGUSTI MONTAL	carrer d'Agustí Montal
CL ALELLA	carrer d'Alella
CL ALEMANYA	carrer d'Alemanya
CL ALFONS XII	carrer d'Alfons XII
CL AMADEU VIVES	carrer d'Amadeu Vives
CL ANDREU SEGOVIA	carrer d'Andrés Segovia
CL ANNA TUGAS	carrer d'Anna Tugas
CL ANSELM CLAVE	carrer d'Anselm Clavé
CL ANSELM TURMEDA	carrer d'Anselm Turmeda
CL ANTONI BORI	carrer d'Antoni Bori
CL ANTONI BOTEY	carrer d'Antoni Botey
CL ANTONI MAURA	carrer d'Antoni Maura
CL ARENYS DE MAR	carrer d'Arenys de Mar
CL ARGENTONA	carrer d'Argentona
CL ARIBAU	carrer d'Aribau
CL ARNUS	carrer d'Arnús
CL ARQUIMEDES	carrer d'Arquimedes
CL ASTURIES	carrer d'Astúries
CL ATENA	carrer d'Atena
CL AUSIAS MARCH	carrer d'Ausiàs Marc
CL AUSTRALIA	carrer d'Austràlia
CL AZORIN	carrer d'Azorín
CL ECHEGARAY	carrer d'Echegaray
CL EDUARD FLO	carrer d'Eduard Flò
CL EDUARD MARISTANY	carrer d'Eduard Maristany
CL EDUARD MARQUINA	carrer d'Eduard Marquina
CL ESCORIAL	carrer d'El Escorial
CL ELISEU MEIFREN	carrer d'Eliseu Meifrèn
CL ENRIC BORRAS	carrer d'Enric Borràs
CL EUROPA	carrer d'Europa
CL HIPOLITO LAZARO	carrer d'Hipólito Lázaro
CL IBERIA	carrer d'Ibèria
CL IGNASI IGLESIAS	carrer d'Ignasi Iglesias
CL ISAAC ALBENIZ	carrer d'Isaac Albéniz
CL ISAAC PERAL	carrer d'Isaac Peral
CL OCEANIA	carrer d'Oceania
CL ORIO	carrer d'Orió
CL OSCA	carrer d'Osca
CL CASAS I AMIGO	carrer d'en Casas i Amigó
CL GARRIGA	carrer d'en Garriga
CL MOSSEN ANTON	carrer d'en Mossèn Anton Romeu
CL VILA VALL-LLEBRERA	carrer d'en Vila i Vall-llebrera
CL XAVIER NOGUES	carrer d'en Xavier Nogués
CL AGUEDA MOMPEL	carrer d'Àgueda Mompel
CL BABORD	carrer de Babord
CL BADAJOZ	carrer de Badajoz
CL BAILEN	carrer de Bailén
CL BALDOMER GALOFRE	carrer de Baldomer Galofre
CL BALDOMER SOLA	carrer de Baldomer Solà
CL BALMES	carrer de Balmes
CL BANYOLES	carrer de Banyoles
CL BARCELONA	carrer de Barcelona
CL BATISTA I ROCA	carrer de Batista i Roca
CL BEETHOVEN	carrer de Beethoven
CL BELLAVISTA	carrer de Bellavista
CL BERGA	carrer de Berga
CL BERNAT METGE	carrer de Bernat Metge
CL BONAVISTA	carrer de Bonavista
CL BUENOS AIRES	carrer de Buenos Aires
CL BELGICA	carrer de Bèlgica
CL CADAQUES	carrer de Cadaqués
CL CADIS	carrer de Cadis
CL CALDERON DE LA BARCA	carrer de Calderón de la Barca
CL CALELLA	carrer de Calella
CM CAN CAMPMANY	carrer de Can Campmany
CL CAN TIANO	carrer de Can Tiano
CL CARLES I	carrer de Carles I
CL CASTILLEJOS	carrer de Castillejos
CL CENTELLES	carrer de Centelles
CL CERVANTES	carrer de Cervantes
CL CHOPIN	carrer de Chopin
CL CIRCUMVAL.LACIO	carrer de Circumval·lació
CL COLL I PUJOL	carrer de Coll i Pujol
CL COLOM	carrer de Colom
CL CONCHA ESPINA	carrer de Concha Espina
CL COVADONGA	carrer de Covadonga
CL CUBA	carrer de Cuba
CL CACERES	carrer de Càceres
CL CORDOVA	carrer de Còrdova
CL CORSEGA	carrer de Còrsega
CL DALT	carrer de Dalt
CL DINAMARCA	carrer de Dinamarca
CL DON PELAYO	carrer de Don Pelai
CL FEDERICO GARCIA LORCA	carrer de Federico García Lorca
CL FELIP II	carrer de Felip II
CL FELIU I VEGUES	carrer de Feliu i Vegués
CL FLORIDABLANCA	carrer de Floridablanca
CL FOGARS TORDERA	carrer de Fogars de Tordera
CL FONT I ESCOLA	carrer de Font i Escolà
CL FREDERIC MOMPOU	carrer de Frederic Mompou
CL GALILEO	carrer de Galileu
CL GOYA	carrer de Goya
CL GRAVINA	carrer de Gravina
CL GUASCH	carrer de Guasch
CL GONGORA	carrer de Góngora
CL GUELL I FERRER	carrer de Güell i Ferrer
CL JAEN	carrer de Jaén
CL JEREZ DE LA FRONTERA	carrer de Jerez de la Frontera
CL JOAN SEBASTIA BACH	carrer de Joan Sebastià Bach
CL JOSEP MARIA DE SEGARRA	carrer de Josep Maria de Sagarra
CL JOSEP VICENÇ FOIX	carrer de Josep Vicenç Foix
CL JUAN VALERA	carrer de Juan Valera
CL JULIAN GAYARRE	carrer de Julián Gayarre
CL JUPITER	carrer de Júpiter
CL LEPANTO	carrer de Lepanto
CL LISZT	carrer de Listz
CL LLEFIA	carrer de Llefià
CL LLEO FONTOVA	carrer de Lleó Fontova
CL LLORET DE MAR	carrer de Lloret de Mar
CL LOLA ANGLADA	carrer de Lola Anglada
CL LONDRES	carrer de Londres
CL MADRID	carrer de Madrid
CL MALLORCA	carrer de Mallorca
CL MANILA	carrer de Manila
CL MANUEL FERNANDEZ MARQUEZ	carrer de Manuel Fernández Márquez
CL MANUEL DE FALLA	carrer de Manuel de Falla
CL MARAGALL	carrer de Maragall
CL MARIA WARD	carrer de Mary Ward
CL MAS FELIP	carrer de Mas Felip
CL MERCURI	carrer de Mercuri
CL MILA I FONTANALS	carrer de Milà i Fontanals
CL MIQUEL DEL PRAT	carrer de Miquel del Prat
CL MONTSERRAT	carrer de Montserrat
CL MONTURIOL	carrer de Monturiol
CL MOTRIL	carrer de Motril
CL NATZARET	carrer de Natzaret
CL NELSON MANDELA	carrer de Nelson Mandela
CL NUMANCIA	carrer de Numància
CL NAPOLS	carrer de Nàpols
CL PABLO IGLESIAS	carrer de Pablo Iglesias
CL PALAMOS	carrer de Palamós
CL PARIS	carrer de París
CL PAU CLARIS	carrer de Pau Claris
CL PAU PIFERRER	carrer de Pau Piferrer
CL PAU RODON	carrer de Pau Rodon
CL PERE MARTELL	carrer de Pere Martell
CL PI I GIBERT	carrer de Pi i Gibert
CL PROVENÇA	carrer de Provença
CL PEREZ GALDOS	carrer de Pérez Galdós
CL QUEVEDO	carrer de Quevedo
CL RAFAEL CASANOVA	carrer de Rafael Casanova
CL RAMIRO DE MAEZTU	carrer de Ramiro de Maeztu
CL RAMON Y CAJAL	carrer de Ramón y Cajal
CL REUS	carrer de Reus
CL RIBAS I PERDIGO	carrer de Ribas i Perdigó
CL RICARD STRAUSS	carrer de Ricard Strauss
CL RIUS I TAULET	carrer de Rius i Taulet
CL RODRIGO CARO	carrer de Rodrigo Caro
CL ROGER DE LLURIA	carrer de Roger de Llúria
CL RUBI	carrer de Rubí
CL SAGUNT	carrer de Sagunt
CL SANT CARLES	carrer de Sant Carles
CL SANT CEBRIA	carrer de Sant Cebrià
CL SANT FERMI	carrer de Sant Fermí
CL SANT GONÇAL	carrer de Sant Gonçal
CL SANT JOAN	carrer de Sant Joan
CL SANT JOAQUIM	carrer de Sant Joaquim
CL SANT PANCRAÇ	carrer de Sant Pancraç
CL SANT RAMON	carrer de Sant Ramon
CL SANTA BARBARA	carrer de Santa Bàrbara
CL SANTA JOANA LESTONNAC	carrer de Santa Joana de Lestonnac
CL SANTIAGO	carrer de Santiago
CL SARAGOSSA	carrer de Saragossa
CL SATURN	carrer de Saturn
CL SEVILLA	carrer de Sevilla
CL SIMANCAS	carrer de Simancas
CL SIMO PIERA	carrer de Simó Piera
CL SOLSONA	carrer de Solsona
CL SENECA	carrer de Sèneca
CL SIRIUS	carrer de Sírius
CL TAMARIU	carrer de Tamariu
CL TANIT	carrer de Tanit
CL TARRAGONA	carrer de Tarragona
CL TIANA	carrer de Tiana
CL TORTOSA	carrer de Tortosa
CL TORI	carrer de Torí
CL TOSSA DE MAR	carrer de Tossa de Mar
CL VENTURA GASSOL	carrer de Ventura Gassol
CL VENUS	carrer de Venus
CL VELEZ RUBIO	carrer de Vélez Rubio
CL VICTOR BALAGUER	carrer de Víctor Balaguer
CL XILE	carrer de Xile
CL ABAT ESCARRE	carrer de l'Abat Escarré
CL ACER	carrer de l'Acer
CL ACACIA	carrer de l'Acàcia
CL ALCALDE MARTINEZ ECIJA	carrer de l'Alcalde Martínez Écija
CL ALZINA	carrer de l'Alzina
CL ANETO	carrer de l'Aneto
CL AQUEDUCTE	carrer de l'Aqüeducte
CL ARBOÇ	carrer de l'Arboç
CL ARQUITECTE GAUDI	carrer de l'Arquitecte Gaudí
CL ASTRONOMIA	carrer de l'Astronomia
CL ATLANTIDA	carrer de l'Atlàntida
CL AUTONOMIA	carrer de l'Autonomia
CL ELECTRÒNICA	carrer de l'Electrònica
CL EMPORDA	carrer de l'Empordà
CL ENERGIA	carrer de l'Energia
CL ENGINYER DEULOFEU	carrer de l'Enginyer Deulofeu
CL ESCORXADOR	carrer de l'Escorxador
CL ESTADI	carrer de l'Estadi
CL ESTIU	carrer de l'Estiu
CL HAVANA	carrer de l'Havana
CL OLIVERA DE SISTRELLS	carrer de l'Olivera de Sistrells
CL ORIENT	carrer de l'Orient
CL ESCULTOR CLARA	carrer de l'escultor Clarà
CL BATLLORIA	carrer de la Batllòria
CL CERVERETA	carrer de la Cervereta
CL CERÀMICA	carrer de la Ceràmica
CL CIENCIA	carrer de la Ciència
CN SANT ANTONI	carrer de la Colònia de Sant Antoni
CL CONCORDIA	carrer de la Concòrdia
CL CONQUISTA	carrer de la Conquista
CL COSTA	carrer de la Costa
CL DEMOCRACIA	carrer de la Democràcia
CL GINESTA	carrer de la Ginesta
CL GRAN BRETANYA	carrer de la Gran Bretanya
CL MARE DE DEU DE LORDA	carrer de la Mare de Déu de Lorda
CL MARE DE DEU DE POMPEIA	carrer de la Mare de Déu de Pompeia
CL MUNTANYA	carrer de la Muntanya
CL PALLARESA	carrer de la Pallaresa
CL PEDRERA	carrer de la Pedrera
CL PRIMAVERA	carrer de la Primavera
CL PROVIDENCIA	carrer de la Providència
CL REPUBLICA ARGENTINA	carrer de la República Argentina
CL REPUBLICA PORTUGUESA	carrer de la República Portuguesa
CL ROSELLA	carrer de la Rosella
CL SAGRADA FAMILIA	carrer de la Sagrada Família
CL SELVA	carrer de la Selva
CL SERRA DE DARO	carrer de la Serra de Daró
CL TARDOR	carrer de la Tardor
CR VEREMA	carrer de la Verema
CL ESCALES	carrer de les Escales
CL MONGES	carrer de les Monges
CL VALLS D'ANDORRA	carrer de les Valls d'Andorra
CL S'AGARO	carrer de s'Agaró
CL SANT ANTONI ABAT	carrer de sant Antoni Abat
CL SANT BARTOMEU	carrer de sant Bartomeu
CL SANT FREDERIC	carrer de sant Frederic
CL BOIX	carrer del Boix
CL BRONZE	carrer del Bronze
CL BRUC	carrer del Bruc
CM SANT JERONI DE LA MURTRA	carrer del Camí de Sant Jeroni de la Murtra
CL CANONGE BARANERA	carrer del Canonge Baranera
CL CARDENAL CISNEROS	carrer del Cardenal Cisneros
CL CEDRE	carrer del Cedre
CL DIPOSIT	carrer del Dipòsit
CL DOCTOR DAUDI	carrer del Doctor Daudí
CL DOCTOR FERRAN	carrer del Doctor Ferran
CL DOCTOR MODREGO	carrer del Doctor Modrego
CL DOCTOR ROBERT	carrer del Doctor Robert
CL DOCTOR TRUETA	carrer del Doctor Trueta
CL DOS DE MAIG	carrer del Dos de Maig
CL GENERAL MORAGUES	carrer del General Moragas
CL GENERAL WEYLER	carrer del General Weyler
CL MARISCAL CABANES	carrer del Mariscal Cabanes
CL MOLI DE LA TORRE	carrer del Molí de la Torre
CL MUSEU	carrer del Museu
CL PARADIS	carrer del Paradís
CL PINTOR MIR	carrer del Pintor Mir
CL PINTOR ROIG I SOLER	carrer del Pintor Roig i Soler
CL PINTOR ROSALES	carrer del Pintor Rosales
CL PLANETA MART	carrer del Planeta Mart
CL ROSSELLO	carrer del Rosselló
CL TORRENT D'EN VALLS	carrer del Torrent d'en Valls
CL TORRENT VALLMAJOR	carrer del Torrent de Vallmajor
CL TORRENT BATLLORIA	carrer del Torrent de la Batllòria
CL VALLESPIR	carrer del Vallespir
CL VALLES	carrer del Vallès
CL ALMOGAVERS	carrer dels Almogàvers
CL APENINS	carrer dels Apenins
CL ARBRES	carrer dels Arbres
CL CIRERERS	carrer dels Cirerers
CL CLAVELLS	carrer dels Clavells
CL CORDERS	carrer dels Corders
CL JOCS FLORALS	carrer dels Jocs Florals
CL PLATANS	carrer dels Plàtans
CL SANT MATEU	carrer sant Mateu
CL CAN LLAGOSTA	carreró de Can Llagosta
CJ CAN PONTONS	carreró de Can Pontons
CR ANTIGA DE VALENCIA	carretera Antiga de València
CR CAN RUTI	carretera de Can Ruti
CR CANYET	carretera de Canyet
CR MATARO	carretera de Mataró
CR MENA	carretera de Mena
CR MONTCADA I REIXAC	carretera de Montcada i Reixac
CR POMAR	carretera de Pomar
CR SANTA COLOMA	carretera de Santa Coloma
CR CONRERIA	carretera de la Conreria
CL DIAGONAL COSTA BRAVA	diagonal de la Costa Brava
GR VERGE LA SALUT	grup d'habitatges Verge de la Salut
PJ ALBERT LLANAS	passatge d'Albert Llanas
CL ELVIS PRESLEY	passatge d'Elvis Presley
PJ SAMPERE	passatge d'en Sampere
PJ BONAVISTA	passatge de Bonavista
MS CAN ROS	passatge de Can Ros
PJ CUSSO	passatge de Cussó
PJ FELIP PEDRELL	passatge de Felip Pedrell
PJ FORTUNY	passatge de Fortuny
PJ MARCONI	passatge de Marconi
PJ MILA I FONTANALS	passatge de Milà i Fontanals
PJ PEIUS GENER	passatge de Peius Gener
PJ SANT JORDI	passatge de Sant Jordi
PJ VENECIA	passatge de Venècia
PJ GLORIA	passatge de la Glòria
PJ MARE DE DEU DE LORDA	passatge de la Mare de Déu de Lorda
PJ TORRE	passatge de la Torre
PJ COMABONA	passatge del Comabona
PJ PAS DE LA GUINEU	passatge del Pas de la Guineu
PJ TURO D'EN BOSCA	passatge del Turó d'en Boscà
PJ TURO DE LES MALESES	passatge del Turó de les Maleses
PJ ENCANTS	passatge dels Encants
PS MARITIM	passeig Marítim
PS SALUT	passeig de la Salut
PS ATZAVARES	passeig de les Atzavares
PS PONT	passeig del Pont
PZ ANTONIA BOADA I ROS	plaça d'Antònia Boada i Ros
PZ ARAGO	plaça d'Aragó
PZ ARTIGAS	plaça d'Artigues
PZ AZORIN	plaça d'Azorín
PZ BAC DE RODA	plaça de Bac de Roda
PZ BADALONA	plaça de Badalona
PZ BARBERA	plaça de Barberà
PZ CARME GUASCH	plaça de Carme Guasch
PZ CASAGEMES	plaça de Casagemes
PZ CHURRUCA	plaça de Churruca
PZ CUBA	plaça de Cuba
PZ JOAN MIRO	plaça de Joan Miró
PZ M CARRASCO I FORMIGUERA	plaça de Manuel Carrasco i Formiguera
PZ PEP VENTURA	plaça de Pep Ventura
PZ POMAR	plaça de Pomar
PZ SANT ROC	plaça de Sant Roc
PZ TRAFALGAR	plaça de Trafalgar
PZ ALCALDE JOAN MANENT	plaça de l'Alcalde Manent
PZ ALCALDE XIFRE	plaça de l'Alcalde Xifré
PZ AMISTAT	plaça de l'Amistat
PZ ASSEMBLEA DE CATALUNYA	plaça de l'Assemblea de Catalunya
PZ ENGINYER DEULOFEU	plaça de l'Enginyer Deulofeu
PZ CIUTAT ROMANA	plaça de la Ciutat Romana
PZ CONSTITUCIO	plaça de la Constitució
PZ REGALÈSSIA	plaça de la Regalèssia
PZ BALEARS	plaça de les Balears
PZ CANARIES	plaça de les Canàries
PZ BARO DE MALDA	plaça del Baró de Maldà
PZ PAISOS CATALANS	plaça dels Països Catalans
RB SANT JOAN	rambla de Sant Joan
RB SOLIDARITAT	rambla de la Solidaritat
RR CANYET	riera de Canyet
RD SANT ANTONI DE LLEFIA	ronda de sant Antoni de Llefià
CL TRAVESSERA DE MONTIGALA	travessera de Montigalà
